"year","state","state_po","state_fips","state_cen","state_ic","office","district","stage","special","candidate","party","writein","mode","candidatevotes","totalvotes","unofficial","version"
2016,"Alabama","AL",1,63,41,"US Senate","statewide","gen",FALSE,"Ron Crumpton","democrat",FALSE,"total",748709,2087444,FALSE,20171011
2016,"Alabama","AL",1,63,41,"US Senate","statewide","gen",FALSE,"Richard C. Shelby","republican",FALSE,"total",1335104,2087444,FALSE,20171011
2016,"Alabama","AL",1,63,41,"US Senate","statewide","gen",FALSE,NA,NA,TRUE,"total",3631,2087444,FALSE,20171011
2016,"Alaska","AK",2,94,81,"US Senate","statewide","gen",FALSE,"Joe Miller","libertarian",FALSE,"total",90825,311441,FALSE,20171011
2016,"Alaska","AK",2,94,81,"US Senate","statewide","gen",FALSE,"Ted Gianoutsos","independent",FALSE,"total",1758,311441,FALSE,20171011
2016,"Alaska","AK",2,94,81,"US Senate","statewide","gen",FALSE,"Ray Metcalfe","democrat",FALSE,"total",36200,311441,FALSE,20171011
2016,"Alaska","AK",2,94,81,"US Senate","statewide","gen",FALSE,"Margaret Stock","independent",FALSE,"total",41194,311441,FALSE,20171011
2016,"Alaska","AK",2,94,81,"US Senate","statewide","gen",FALSE,"Breck A. Craig","independent",FALSE,"total",2609,311441,FALSE,20171011
2016,"Alaska","AK",2,94,81,"US Senate","statewide","gen",FALSE,"Lisa Murkowski","republican",FALSE,"total",138149,311441,FALSE,20171011
2016,"Alaska","AK",2,94,81,"US Senate","statewide","gen",FALSE,NA,NA,TRUE,"total",706,311441,FALSE,20171011
2016,"Arizona","AZ",4,86,61,"US Senate","statewide","gen",FALSE,"Anthony Camboni","none",TRUE,"total",45,2530730,FALSE,20171011
2016,"Arizona","AZ",4,86,61,"US Senate","statewide","gen",FALSE,"Ann Kirkpatrick","democrat",FALSE,"total",1031245,2530730,FALSE,20171011
2016,"Arizona","AZ",4,86,61,"US Senate","statewide","gen",FALSE,NA,NA,TRUE,"total",4,2530730,FALSE,20171011
2016,"Arizona","AZ",4,86,61,"US Senate","statewide","gen",FALSE,NA,NA,TRUE,"total",694,2530730,FALSE,20171011
2016,"Arizona","AZ",4,86,61,"US Senate","statewide","gen",FALSE,"Leonard Clark","independent",TRUE,"total",83,2530730,FALSE,20171011
2016,"Arizona","AZ",4,86,61,"US Senate","statewide","gen",FALSE,"Sydney Dudikoff","republican",TRUE,"total",494,2530730,FALSE,20171011
2016,"Arizona","AZ",4,86,61,"US Senate","statewide","gen",FALSE,NA,NA,TRUE,"total",34,2530730,FALSE,20171011
2016,"Arizona","AZ",4,86,61,"US Senate","statewide","gen",FALSE,"John McCain","republican",FALSE,"total",1359267,2530730,FALSE,20171011
2016,"Arizona","AZ",4,86,61,"US Senate","statewide","gen",FALSE,NA,NA,TRUE,"total",223,2530730,FALSE,20171011
2016,"Arizona","AZ",4,86,61,"US Senate","statewide","gen",FALSE,NA,NA,TRUE,"total",7,2530730,FALSE,20171011
2016,"Arizona","AZ",4,86,61,"US Senate","statewide","gen",FALSE,"Gary Swing","green",FALSE,"total",138634,2530730,FALSE,20171011
2016,"Arkansas","AR",5,71,42,"US Senate","statewide","gen",FALSE,"John Boozman","republican",FALSE,"total",661984,1107522,FALSE,20171011
2016,"Arkansas","AR",5,71,42,"US Senate","statewide","gen",FALSE,NA,NA,TRUE,"total",1070,1107522,FALSE,20171011
2016,"Arkansas","AR",5,71,42,"US Senate","statewide","gen",FALSE,"Conner Eldridge","democrat",FALSE,"total",400602,1107522,FALSE,20171011
2016,"Arkansas","AR",5,71,42,"US Senate","statewide","gen",FALSE,"Frank Gilbert","libertarian",FALSE,"total",43866,1107522,FALSE,20171011
2016,"California","CA",6,93,71,"US Senate","statewide","gen",FALSE,"Loretta Sanchez","democrat",FALSE,"total",4701417,12244170,FALSE,20171011
2016,"California","CA",6,93,71,"US Senate","statewide","gen",FALSE,"Kamala D. Harris","democrat",FALSE,"total",7542753,12244170,FALSE,20171011
2016,"Colorado","CO",8,84,62,"US Senate","statewide","gen",FALSE,"Paul Noel Fiorino","none",FALSE,"total",3216,2743023,FALSE,20171011
2016,"Colorado","CO",8,84,62,"US Senate","statewide","gen",FALSE,"Dan Chapin","none",FALSE,"total",8361,2743023,FALSE,20171011
2016,"Colorado","CO",8,84,62,"US Senate","statewide","gen",FALSE,"Michael F. Bennet","democrat",FALSE,"total",1370710,2743023,FALSE,20171011
2016,"Colorado","CO",8,84,62,"US Senate","statewide","gen",FALSE,"Lily Tang Williams","libertarian",FALSE,"total",99277,2743023,FALSE,20171011
2016,"Colorado","CO",8,84,62,"US Senate","statewide","gen",FALSE,"Bill Hammons","unity party of colorado",FALSE,"total",9336,2743023,FALSE,20171011
2016,"Colorado","CO",8,84,62,"US Senate","statewide","gen",FALSE,"Darryl Glenn","republican",FALSE,"total",1215318,2743023,FALSE,20171011
2016,"Colorado","CO",8,84,62,"US Senate","statewide","gen",FALSE,"Arn Menconi","green",FALSE,"total",36805,2743023,FALSE,20171011
2016,"Connecticut","CT",9,16,1,"US Senate","statewide","gen",FALSE,"Richard Blumenthal","democrat",FALSE,"total",920766,1596276,FALSE,20171011
2016,"Connecticut","CT",9,16,1,"US Senate","statewide","gen",FALSE,"Richard Blumenthal","working families",FALSE,"total",87948,1596276,FALSE,20171011
2016,"Connecticut","CT",9,16,1,"US Senate","statewide","gen",FALSE,NA,NA,TRUE,"total",26,1596276,FALSE,20171011
2016,"Connecticut","CT",9,16,1,"US Senate","statewide","gen",FALSE,"Dan Carter","republican",FALSE,"total",552621,1596276,FALSE,20171011
2016,"Connecticut","CT",9,16,1,"US Senate","statewide","gen",FALSE,NA,NA,TRUE,"total",12,1596276,FALSE,20171011
2016,"Connecticut","CT",9,16,1,"US Senate","statewide","gen",FALSE,"Richard Lion","libertarian",FALSE,"total",18190,1596276,FALSE,20171011
2016,"Connecticut","CT",9,16,1,"US Senate","statewide","gen",FALSE,"Jeffery Russell","green",FALSE,"total",16713,1596276,FALSE,20171011
2016,"Florida","FL",12,59,43,"US Senate","statewide","gen",FALSE,"Charles Frederick Tolbert","",TRUE,"total",56,9301820,FALSE,20171011
2016,"Florida","FL",12,59,43,"US Senate","statewide","gen",FALSE,"Steven Machat","none",FALSE,"total",26918,9301820,FALSE,20171011
2016,"Florida","FL",12,59,43,"US Senate","statewide","gen",FALSE,NA,NA,TRUE,"total",7,9301820,FALSE,20171011
2016,"Florida","FL",12,59,43,"US Senate","statewide","gen",FALSE,"Patrick Murphy","democrat",FALSE,"total",4122088,9301820,FALSE,20171011
2016,"Florida","FL",12,59,43,"US Senate","statewide","gen",FALSE,"Paul Stanton","libertarian",FALSE,"total",196956,9301820,FALSE,20171011
2016,"Florida","FL",12,59,43,"US Senate","statewide","gen",FALSE,"Basil E. Dalack","none",FALSE,"total",22236,9301820,FALSE,20171011
2016,"Florida","FL",12,59,43,"US Senate","statewide","gen",FALSE,NA,NA,TRUE,"total",50,9301820,FALSE,20171011
2016,"Florida","FL",12,59,43,"US Senate","statewide","gen",FALSE,NA,NA,TRUE,"total",10,9301820,FALSE,20171011
2016,"Florida","FL",12,59,43,"US Senate","statewide","gen",FALSE,NA,NA,TRUE,"total",37,9301820,FALSE,20171011
2016,"Florida","FL",12,59,43,"US Senate","statewide","gen",FALSE,"Bruce Nathan","none",FALSE,"total",52451,9301820,FALSE,20171011
2016,"Florida","FL",12,59,43,"US Senate","statewide","gen",FALSE,"Marco Rubio","republican",FALSE,"total",4835191,9301820,FALSE,20171011
2016,"Florida","FL",12,59,43,"US Senate","statewide","gen",FALSE,"Tony Khoury","none",FALSE,"total",45820,9301820,FALSE,20171011
2016,"Georgia","GA",13,58,44,"US Senate","statewide","gen",FALSE,NA,NA,TRUE,"total",813,3898605,FALSE,20171011
2016,"Georgia","GA",13,58,44,"US Senate","statewide","gen",FALSE,"Jim Barksdale","democrat",FALSE,"total",1599726,3898605,FALSE,20171011
2016,"Georgia","GA",13,58,44,"US Senate","statewide","gen",FALSE,"Allen Buckley","libertarian",FALSE,"total",162260,3898605,FALSE,20171011
2016,"Georgia","GA",13,58,44,"US Senate","statewide","gen",FALSE,"Johnny Isakson","republican",FALSE,"total",2135806,3898605,FALSE,20171011
2016,"Hawaii","HI",15,95,82,"US Senate","statewide","gen",FALSE,"Blank Vote","",FALSE,"total",20763,437664,FALSE,20171011
2016,"Hawaii","HI",15,95,82,"US Senate","statewide","gen",FALSE,"John M. ""Raghu"" Giuffre","american shopping party",FALSE,"total",1393,437664,FALSE,20171011
2016,"Hawaii","HI",15,95,82,"US Senate","statewide","gen",FALSE,"Joy J. Allison","constitution",FALSE,"total",9103,437664,FALSE,20171011
2016,"Hawaii","HI",15,95,82,"US Senate","statewide","gen",FALSE,"Michael A. Kokoski","libertarian",FALSE,"total",6809,437664,FALSE,20171011
2016,"Hawaii","HI",15,95,82,"US Senate","statewide","gen",FALSE,"Brian Schatz","democrat",FALSE,"total",306604,437664,FALSE,20171011
2016,"Hawaii","HI",15,95,82,"US Senate","statewide","gen",FALSE,"Over Vote","",FALSE,"total",339,437664,FALSE,20171011
2016,"Hawaii","HI",15,95,82,"US Senate","statewide","gen",FALSE,"John Carroll","republican",FALSE,"total",92653,437664,FALSE,20171011
2016,"Idaho","ID",16,82,63,"US Senate","statewide","gen",FALSE,"Ray J. Writz","constitution",FALSE,"total",41677,678943,FALSE,20171011
2016,"Idaho","ID",16,82,63,"US Senate","statewide","gen",FALSE,"Mike Crapo","republican",FALSE,"total",449017,678943,FALSE,20171011
2016,"Idaho","ID",16,82,63,"US Senate","statewide","gen",FALSE,"Jerry Sturgill","democrat",FALSE,"total",188249,678943,FALSE,20171011
2016,"Illinois","IL",17,33,21,"US Senate","statewide","gen",FALSE,"Scott Summers","green",FALSE,"total",117619,5491878,FALSE,20171011
2016,"Illinois","IL",17,33,21,"US Senate","statewide","gen",FALSE,"Kenton McMillen","libertarian",FALSE,"total",175988,5491878,FALSE,20171011
2016,"Illinois","IL",17,33,21,"US Senate","statewide","gen",FALSE,NA,NA,TRUE,"total",42,5491878,FALSE,20171011
2016,"Illinois","IL",17,33,21,"US Senate","statewide","gen",FALSE,"Mark Kirk","republican",FALSE,"total",2184692,5491878,FALSE,20171011
2016,"Illinois","IL",17,33,21,"US Senate","statewide","gen",FALSE,"Tammy Duckworth","democrat",FALSE,"total",3012940,5491878,FALSE,20171011
2016,"Illinois","IL",17,33,21,"US Senate","statewide","gen",FALSE,NA,NA,TRUE,"total",77,5491878,FALSE,20171011
2016,"Illinois","IL",17,33,21,"US Senate","statewide","gen",FALSE,NA,NA,TRUE,"total",106,5491878,FALSE,20171011
2016,"Illinois","IL",17,33,21,"US Senate","statewide","gen",FALSE,NA,NA,TRUE,"total",408,5491878,FALSE,20171011
2016,"Illinois","IL",17,33,21,"US Senate","statewide","gen",FALSE,NA,NA,TRUE,"total",5,5491878,FALSE,20171011
2016,"Illinois","IL",17,33,21,"US Senate","statewide","gen",FALSE,NA,NA,TRUE,"total",1,5491878,FALSE,20171011
2016,"Indiana","IN",18,32,22,"US Senate","statewide","gen",FALSE,"Evan Bayh","democrat",FALSE,"total",1158947,2732546,FALSE,20171011
2016,"Indiana","IN",18,32,22,"US Senate","statewide","gen",FALSE,"Todd C. Young","republican",FALSE,"total",1423991,2732546,FALSE,20171011
2016,"Indiana","IN",18,32,22,"US Senate","statewide","gen",FALSE,"Lucy Brenton","libertarian",FALSE,"total",149481,2732546,FALSE,20171011
2016,"Indiana","IN",18,32,22,"US Senate","statewide","gen",FALSE,NA,NA,TRUE,"total",127,2732546,FALSE,20171011
2016,"Iowa","IA",19,42,31,"US Senate","statewide","gen",FALSE,"Chuck Grassley","republican",FALSE,"total",926007,1541036,FALSE,20171011
2016,"Iowa","IA",19,42,31,"US Senate","statewide","gen",FALSE,"Patty Judge","democrat",FALSE,"total",549460,1541036,FALSE,20171011
2016,"Iowa","IA",19,42,31,"US Senate","statewide","gen",FALSE,"Michael Luick-Thrams","nominated by petition",FALSE,"total",4441,1541036,FALSE,20171011
2016,"Iowa","IA",19,42,31,"US Senate","statewide","gen",FALSE,NA,NA,TRUE,"total",1685,1541036,FALSE,20171011
2016,"Iowa","IA",19,42,31,"US Senate","statewide","gen",FALSE,"Charles Aldrich","libertarian",FALSE,"total",41794,1541036,FALSE,20171011
2016,"Iowa","IA",19,42,31,"US Senate","statewide","gen",FALSE,"Jim Hennager","new independent party iowa",FALSE,"total",17649,1541036,FALSE,20171011
2016,"Kansas","KS",20,47,32,"US Senate","statewide","gen",FALSE,"Patrick Wiesner","democrat",FALSE,"total",379740,1177922,FALSE,20171011
2016,"Kansas","KS",20,47,32,"US Senate","statewide","gen",FALSE,NA,NA,TRUE,"total",46,1177922,FALSE,20171011
2016,"Kansas","KS",20,47,32,"US Senate","statewide","gen",FALSE,"Robert D. Garrard","libertarian",FALSE,"total",65760,1177922,FALSE,20171011
2016,"Kansas","KS",20,47,32,"US Senate","statewide","gen",FALSE,"Jerry Moran","republican",FALSE,"total",732376,1177922,FALSE,20171011
2016,"Kentucky","KY",21,61,51,"US Senate","statewide","gen",FALSE,"Rand Paul","republican",FALSE,"total",1090177,1903465,FALSE,20171011
2016,"Kentucky","KY",21,61,51,"US Senate","statewide","gen",FALSE,NA,NA,TRUE,"total",6,1903465,FALSE,20171011
2016,"Kentucky","KY",21,61,51,"US Senate","statewide","gen",FALSE,"Jim Gray","democrat",FALSE,"total",813246,1903465,FALSE,20171011
2016,"Kentucky","KY",21,61,51,"US Senate","statewide","gen",FALSE,NA,NA,TRUE,"total",36,1903465,FALSE,20171011
2016,"Louisiana","LA",22,72,45,"US Senate","statewide","gen",FALSE,"Charles W. Boustany, Jr.","republican",FALSE,"total",298008,1997218,FALSE,20171011
2016,"Louisiana","LA",22,72,45,"US Senate","statewide","gen",FALSE,"Derrick Edwards","democrat",FALSE,"total",51774,1997218,FALSE,20171011
2016,"Louisiana","LA",22,72,45,"US Senate","statewide","gen",FALSE,"M. V. ""Vinny""Mendoza","democrat",FALSE,"total",4927,1997218,FALSE,20171011
2016,"Louisiana","LA",22,72,45,"US Senate","statewide","gen",FALSE,"John Fleming","republican",FALSE,"total",204026,1997218,FALSE,20171011
2016,"Louisiana","LA",22,72,45,"US Senate","statewide","gen",FALSE,"Caroline Fayard","democrat",FALSE,"total",240917,1997218,FALSE,20171011
2016,"Louisiana","LA",22,72,45,"US Senate","statewide","gen",FALSE,"Peter Williams","democrat",FALSE,"total",6855,1997218,FALSE,20171011
2016,"Louisiana","LA",22,72,45,"US Senate","statewide","gen",FALSE,"LeRoy Gillam","libertarian",FALSE,"total",4067,1997218,FALSE,20171011
2016,"Louisiana","LA",22,72,45,"US Senate","statewide","gen",FALSE,"""Rob"" Maness","republican",FALSE,"total",90856,1997218,FALSE,20171011
2016,"Louisiana","LA",22,72,45,"US Senate","statewide","gen",FALSE,"Kaitlin Marone","none",FALSE,"total",4108,1997218,FALSE,20171011
2016,"Louisiana","LA",22,72,45,"US Senate","statewide","gen",FALSE,"Joshua Pellerin","democrat",FALSE,"total",7395,1997218,FALSE,20171011
2016,"Louisiana","LA",22,72,45,"US Senate","statewide","gen",FALSE,"William Robert Lang, Jr.","other",FALSE,"total",1424,1997218,FALSE,20171011
2016,"Louisiana","LA",22,72,45,"US Senate","statewide","gen",FALSE,"Beryl Billiot","none",FALSE,"total",19352,1997218,FALSE,20171011
2016,"Louisiana","LA",22,72,45,"US Senate","statewide","gen",FALSE,"Arden Wells","none",FALSE,"total",1483,1997218,FALSE,20171011
2016,"Louisiana","LA",22,72,45,"US Senate","statewide","gen",FALSE,"Troy Hebert","none",FALSE,"total",9503,1997218,FALSE,20171011
2016,"Louisiana","LA",22,72,45,"US Senate","statewide","gen",FALSE,"John Kennedy","republican",FALSE,"total",536191,1997218,FALSE,20171011
2016,"Louisiana","LA",22,72,45,"US Senate","statewide","gen",FALSE,"Gregory Taylor, Jr.","other",FALSE,"total",1151,1997218,FALSE,20171011
2016,"Louisiana","LA",22,72,45,"US Senate","statewide","gen",FALSE,"Thomas P. Clements","libertarian",FALSE,"total",11370,1997218,FALSE,20171011
2016,"Louisiana","LA",22,72,45,"US Senate","statewide","gen",FALSE,"Gary Landrieu","democrat",FALSE,"total",45587,1997218,FALSE,20171011
2016,"Louisiana","LA",22,72,45,"US Senate","statewide","gen",FALSE,"Foster Campbell","democrat",FALSE,"total",347816,1997218,FALSE,20171011
2016,"Louisiana","LA",22,72,45,"US Senate","statewide","gen",FALSE,"Abhay Patel","republican",FALSE,"total",1576,1997218,FALSE,20171011
2016,"Louisiana","LA",22,72,45,"US Senate","statewide","gen",FALSE,"""Joseph"" Cao","republican",FALSE,"total",21019,1997218,FALSE,20171011
2016,"Louisiana","LA",22,72,45,"US Senate","statewide","gen",FALSE,"David Duke","republican",FALSE,"total",58606,1997218,FALSE,20171011
2016,"Louisiana","LA",22,72,45,"US Senate","statewide","gen",FALSE,"Donald ""Crawdaddy"" Crawford","republican",FALSE,"total",25523,1997218,FALSE,20171011
2016,"Louisiana","LA",22,72,45,"US Senate","statewide","gen",FALSE,"Charles Marsala","republican",FALSE,"total",3684,1997218,FALSE,20171011
2016,"Maryland","MD",24,52,52,"US Senate","statewide","gen",FALSE,"Chris Van Hollen","democrat",FALSE,"total",1659907,2726170,FALSE,20171011
2016,"Maryland","MD",24,52,52,"US Senate","statewide","gen",FALSE,"Margaret Flowers","green",FALSE,"total",89970,2726170,FALSE,20171011
2016,"Maryland","MD",24,52,52,"US Senate","statewide","gen",FALSE,NA,NA,TRUE,"total",77,2726170,FALSE,20171011
2016,"Maryland","MD",24,52,52,"US Senate","statewide","gen",FALSE,NA,NA,TRUE,"total",7,2726170,FALSE,20171011
2016,"Maryland","MD",24,52,52,"US Senate","statewide","gen",FALSE,NA,NA,TRUE,"total",242,2726170,FALSE,20171011
2016,"Maryland","MD",24,52,52,"US Senate","statewide","gen",FALSE,NA,NA,TRUE,"total",138,2726170,FALSE,20171011
2016,"Maryland","MD",24,52,52,"US Senate","statewide","gen",FALSE,NA,NA,TRUE,"total",15,2726170,FALSE,20171011
2016,"Maryland","MD",24,52,52,"US Senate","statewide","gen",FALSE,NA,NA,TRUE,"total",26,2726170,FALSE,20171011
2016,"Maryland","MD",24,52,52,"US Senate","statewide","gen",FALSE,NA,NA,TRUE,"total",3231,2726170,FALSE,20171011
2016,"Maryland","MD",24,52,52,"US Senate","statewide","gen",FALSE,"Kathy Szeliga","republican",FALSE,"total",972557,2726170,FALSE,20171011
2016,"Missouri","MO",29,43,34,"US Senate","statewide","gen",FALSE,NA,NA,TRUE,"total",4,2802641,FALSE,20171011
2016,"Missouri","MO",29,43,34,"US Senate","statewide","gen",FALSE,NA,NA,TRUE,"total",53,2802641,FALSE,20171011
2016,"Missouri","MO",29,43,34,"US Senate","statewide","gen",FALSE,NA,NA,TRUE,"total",12,2802641,FALSE,20171011
2016,"Missouri","MO",29,43,34,"US Senate","statewide","gen",FALSE,"Roy Blunt","republican",FALSE,"total",1378458,2802641,FALSE,20171011
2016,"Missouri","MO",29,43,34,"US Senate","statewide","gen",FALSE,"Johnathan McFarland","green",FALSE,"total",30743,2802641,FALSE,20171011
2016,"Missouri","MO",29,43,34,"US Senate","statewide","gen",FALSE,"Steven Wallace","",TRUE,"total",1,2802641,FALSE,20171011
2016,"Missouri","MO",29,43,34,"US Senate","statewide","gen",FALSE,"Fred Ryman","constitution",FALSE,"total",25407,2802641,FALSE,20171011
2016,"Missouri","MO",29,43,34,"US Senate","statewide","gen",FALSE,"Jason Kander","democrat",FALSE,"total",1300200,2802641,FALSE,20171011
2016,"Missouri","MO",29,43,34,"US Senate","statewide","gen",FALSE,NA,NA,TRUE,"total",21,2802641,FALSE,20171011
2016,"Missouri","MO",29,43,34,"US Senate","statewide","gen",FALSE,"Jonathan Dine","libertarian",FALSE,"total",67738,2802641,FALSE,20171011
2016,"Nevada","NV",32,88,65,"US Senate","statewide","gen",FALSE,"Joseph J. Heck","republican",FALSE,"total",495079,1108294,FALSE,20171011
2016,"Nevada","NV",32,88,65,"US Senate","statewide","gen",FALSE,"Thomas ""Tom"" Sawyer","none",FALSE,"total",14208,1108294,FALSE,20171011
2016,"Nevada","NV",32,88,65,"US Senate","statewide","gen",FALSE,"Catherine Cortez Masto","democrat",FALSE,"total",521994,1108294,FALSE,20171011
2016,"Nevada","NV",32,88,65,"US Senate","statewide","gen",FALSE,"Tony Gumina","none",FALSE,"total",10740,1108294,FALSE,20171011
2016,"Nevada","NV",32,88,65,"US Senate","statewide","gen",FALSE,"Tom Jones","independent american",FALSE,"total",17128,1108294,FALSE,20171011
2016,"Nevada","NV",32,88,65,"US Senate","statewide","gen",FALSE,"none of the above","",FALSE,"total",42257,1108294,FALSE,20171011
2016,"Nevada","NV",32,88,65,"US Senate","statewide","gen",FALSE,"Jarrod M. Williams","none",FALSE,"total",6888,1108294,FALSE,20171011
2016,"New Hampshire","NH",33,12,4,"US Senate","statewide","gen",FALSE,"Kelly Ayotte","republican",FALSE,"total",353632,739140,FALSE,20171011
2016,"New Hampshire","NH",33,12,4,"US Senate","statewide","gen",FALSE,"Maggie Hassan","democrat",FALSE,"total",354649,739140,FALSE,20171011
2016,"New Hampshire","NH",33,12,4,"US Senate","statewide","gen",FALSE,"scatter","",FALSE,"total",520,739140,FALSE,20171011
2016,"New Hampshire","NH",33,12,4,"US Senate","statewide","gen",FALSE,"Brian Chabot","libertarian",FALSE,"total",12597,739140,FALSE,20171011
2016,"New Hampshire","NH",33,12,4,"US Senate","statewide","gen",FALSE,"Aaron Day","independent",FALSE,"total",17742,739140,FALSE,20171011
2016,"New York","NY",36,21,13,"US Senate","statewide","gen",FALSE,"Alex Merced","libertarian",FALSE,"total",48121,7800725,FALSE,20171011
2016,"New York","NY",36,21,13,"US Senate","statewide","gen",FALSE,"Charles E. Schumer","working families",FALSE,"total",241672,7800725,FALSE,20171011
2016,"New York","NY",36,21,13,"US Senate","statewide","gen",FALSE,"Wendy Long","republican",FALSE,"total",1723927,7800725,FALSE,20171011
2016,"New York","NY",36,21,13,"US Senate","statewide","gen",FALSE,"Blank Vote","",FALSE,"total",400943,7800725,FALSE,20171011
2016,"New York","NY",36,21,13,"US Senate","statewide","gen",FALSE,"Void Vote","",FALSE,"total",3474,7800725,FALSE,20171011
2016,"New York","NY",36,21,13,"US Senate","statewide","gen",FALSE,"Wendy Long","reform",FALSE,"total",17813,7800725,FALSE,20171011
2016,"New York","NY",36,21,13,"US Senate","statewide","gen",FALSE,"Charles E. Schumer","women's equality",FALSE,"total",45402,7800725,FALSE,20171011
2016,"New York","NY",36,21,13,"US Senate","statewide","gen",FALSE,"scatter","",FALSE,"total",3472,7800725,FALSE,20171011
2016,"New York","NY",36,21,13,"US Senate","statewide","gen",FALSE,"Charles E. Schumer","democrat",FALSE,"total",4784220,7800725,FALSE,20171011
2016,"New York","NY",36,21,13,"US Senate","statewide","gen",FALSE,"Wendy Long","conservative",FALSE,"total",267613,7800725,FALSE,20171011
2016,"New York","NY",36,21,13,"US Senate","statewide","gen",FALSE,"Robin Laverne Wilson","green",FALSE,"total",113413,7800725,FALSE,20171011
2016,"New York","NY",36,21,13,"US Senate","statewide","gen",FALSE,"Charles E. Schumer","independence",FALSE,"total",150655,7800725,FALSE,20171011
2016,"North Carolina","NC",37,56,47,"US Senate","statewide","gen",FALSE,"Deborah K. Ross","democrat",FALSE,"total",2128165,4691133,FALSE,20171011
2016,"North Carolina","NC",37,56,47,"US Senate","statewide","gen",FALSE,"Richard Burr","republican",FALSE,"total",2395376,4691133,FALSE,20171011
2016,"North Carolina","NC",37,56,47,"US Senate","statewide","gen",FALSE,"Sean Haugh","libertarian",FALSE,"total",167592,4691133,FALSE,20171011
2016,"North Dakota","ND",38,44,36,"US Senate","statewide","gen",FALSE,NA,NA,TRUE,"total",366,342501,FALSE,20171011
2016,"North Dakota","ND",38,44,36,"US Senate","statewide","gen",FALSE,"James Germalic","independent",FALSE,"total",4675,342501,FALSE,20171011
2016,"North Dakota","ND",38,44,36,"US Senate","statewide","gen",FALSE,"John Hoeven","republican",FALSE,"total",268788,342501,FALSE,20171011
2016,"North Dakota","ND",38,44,36,"US Senate","statewide","gen",FALSE,"Eliot Glassheim","democrat",FALSE,"total",58116,342501,FALSE,20171011
2016,"North Dakota","ND",38,44,36,"US Senate","statewide","gen",FALSE,"Robert N. Marquette","libertarian",FALSE,"total",10556,342501,FALSE,20171011
2016,"Ohio","OH",39,31,24,"US Senate","statewide","gen",FALSE,NA,NA,TRUE,"total",111,5374164,FALSE,20171011
2016,"Ohio","OH",39,31,24,"US Senate","statewide","gen",FALSE,"Scott Rupert","none",FALSE,"total",77291,5374164,FALSE,20171011
2016,"Ohio","OH",39,31,24,"US Senate","statewide","gen",FALSE,"Ted Strickland","democrat",FALSE,"total",1996908,5374164,FALSE,20171011
2016,"Ohio","OH",39,31,24,"US Senate","statewide","gen",FALSE,"Joseph R. DeMare","green",FALSE,"total",88246,5374164,FALSE,20171011
2016,"Ohio","OH",39,31,24,"US Senate","statewide","gen",FALSE,"Tom Connors","none",FALSE,"total",93041,5374164,FALSE,20171011
2016,"Ohio","OH",39,31,24,"US Senate","statewide","gen",FALSE,"Rob Portman","republican",FALSE,"total",3118567,5374164,FALSE,20171011
2016,"Oklahoma","OK",40,73,53,"US Senate","statewide","gen",FALSE,"Mike Workman","democrat",FALSE,"total",355911,1448047,FALSE,20171011
2016,"Oklahoma","OK",40,73,53,"US Senate","statewide","gen",FALSE,"James Lankford","republican",FALSE,"total",980892,1448047,FALSE,20171011
2016,"Oklahoma","OK",40,73,53,"US Senate","statewide","gen",FALSE,"Sean Braddy","independent",FALSE,"total",40405,1448047,FALSE,20171011
2016,"Oklahoma","OK",40,73,53,"US Senate","statewide","gen",FALSE,"Robert T. Murphy","libertarian",FALSE,"total",43421,1448047,FALSE,20171011
2016,"Oklahoma","OK",40,73,53,"US Senate","statewide","gen",FALSE,"Mark T. Beard","independent",FALSE,"total",27418,1448047,FALSE,20171011
2016,"Oregon","OR",41,92,72,"US Senate","statewide","gen",FALSE,"Eric Navickas","pacific green",FALSE,"total",48823,1952478,FALSE,20171011
2016,"Oregon","OR",41,92,72,"US Senate","statewide","gen",FALSE,"Other","",FALSE,"total",2058,1952478,FALSE,20171011
2016,"Oregon","OR",41,92,72,"US Senate","statewide","gen",FALSE,"Ron Wyden","democrat",FALSE,"total",1105119,1952478,FALSE,20171011
2016,"Oregon","OR",41,92,72,"US Senate","statewide","gen",FALSE,"Shanti S. Lewallen","working families",FALSE,"total",61915,1952478,FALSE,20171011
2016,"Oregon","OR",41,92,72,"US Senate","statewide","gen",FALSE,"Steven C. Reynolds","independent",FALSE,"total",59516,1952478,FALSE,20171011
2016,"Oregon","OR",41,92,72,"US Senate","statewide","gen",FALSE,"Mark Callahan","republican",FALSE,"total",651106,1952478,FALSE,20171011
2016,"Oregon","OR",41,92,72,"US Senate","statewide","gen",FALSE,"Jim Lindsay","libertarian",FALSE,"total",23941,1952478,FALSE,20171011
2016,"Pennsylvania","PA",42,23,14,"US Senate","statewide","gen",FALSE,"Katie McGinty","democrat",FALSE,"total",2865012,6051856,FALSE,20171011
2016,"Pennsylvania","PA",42,23,14,"US Senate","statewide","gen",FALSE,"Edward T. Clifford III","libertarian",FALSE,"total",235142,6051856,FALSE,20171011
2016,"Pennsylvania","PA",42,23,14,"US Senate","statewide","gen",FALSE,"Patrick J. Toomey","republican",FALSE,"total",2951702,6051856,FALSE,20171011
2016,"South Carolina","SC",45,57,48,"US Senate","statewide","gen",FALSE,"Thomas Dixon","democrat",FALSE,"total",704540,2049893,FALSE,20171011
2016,"South Carolina","SC",45,57,48,"US Senate","statewide","gen",FALSE,"Bill Bledsoe","libertarian",FALSE,"total",24830,2049893,FALSE,20171011
2016,"South Carolina","SC",45,57,48,"US Senate","statewide","gen",FALSE,"Thomas Dixon","working families",FALSE,"total",37610,2049893,FALSE,20171011
2016,"South Carolina","SC",45,57,48,"US Senate","statewide","gen",FALSE,"Bill Bledsoe","constitution",FALSE,"total",12652,2049893,FALSE,20171011
2016,"South Carolina","SC",45,57,48,"US Senate","statewide","gen",FALSE,"Tim Scott","republican",FALSE,"total",1241609,2049893,FALSE,20171011
2016,"South Carolina","SC",45,57,48,"US Senate","statewide","gen",FALSE,NA,NA,TRUE,"total",1857,2049893,FALSE,20171011
2016,"South Carolina","SC",45,57,48,"US Senate","statewide","gen",FALSE,"Rebel Michael Scarborough","american",FALSE,"total",11923,2049893,FALSE,20171011
2016,"South Carolina","SC",45,57,48,"US Senate","statewide","gen",FALSE,"Thomas Dixon","green",FALSE,"total",14872,2049893,FALSE,20171011
2016,"South Dakota","SD",46,45,37,"US Senate","statewide","gen",FALSE,"John R. Thune","republican",FALSE,"total",265516,369656,FALSE,20171011
2016,"South Dakota","SD",46,45,37,"US Senate","statewide","gen",FALSE,"Jay Williams","democrat",FALSE,"total",104140,369656,FALSE,20171011
2016,"Utah","UT",49,87,67,"US Senate","statewide","gen",FALSE,"Mike Lee","republican",FALSE,"total",760220,1115583,FALSE,20171011
2016,"Utah","UT",49,87,67,"US Senate","statewide","gen",FALSE,"Bill Barron","none",FALSE,"total",26166,1115583,FALSE,20171011
2016,"Utah","UT",49,87,67,"US Senate","statewide","gen",FALSE,"Stoney Fonua","independent american",FALSE,"total",27339,1115583,FALSE,20171011
2016,"Utah","UT",49,87,67,"US Senate","statewide","gen",FALSE,"Misty K. Snow","democrat",FALSE,"total",301858,1115583,FALSE,20171011
2016,"Vermont","VT",50,13,6,"US Senate","statewide","gen",FALSE,"Void Vote","",FALSE,"total",466,320467,FALSE,20171011
2016,"Vermont","VT",50,13,6,"US Senate","statewide","gen",FALSE,"Scott Milne","republican",FALSE,"total",103637,320467,FALSE,20171011
2016,"Vermont","VT",50,13,6,"US Senate","statewide","gen",FALSE,"Cris Ericson","united states marijuana",FALSE,"total",9156,320467,FALSE,20171011
2016,"Vermont","VT",50,13,6,"US Senate","statewide","gen",FALSE,"Jerry Trudell","independent",FALSE,"total",5223,320467,FALSE,20171011
2016,"Vermont","VT",50,13,6,"US Senate","statewide","gen",FALSE,"Pete Diamondstone","liberty union",FALSE,"total",3241,320467,FALSE,20171011
2016,"Vermont","VT",50,13,6,"US Senate","statewide","gen",FALSE,"Blank Vote","",FALSE,"total",6192,320467,FALSE,20171011
2016,"Vermont","VT",50,13,6,"US Senate","statewide","gen",FALSE,NA,NA,TRUE,"total",309,320467,FALSE,20171011
2016,"Vermont","VT",50,13,6,"US Senate","statewide","gen",FALSE,"Patrick J. Leahy","democrat",FALSE,"total",192243,320467,FALSE,20171011
2016,"Washington","WA",53,91,73,"US Senate","statewide","gen",FALSE,"Chris Vance","republican",FALSE,"total",1329338,3243317,FALSE,20171011
2016,"Washington","WA",53,91,73,"US Senate","statewide","gen",FALSE,"Patty Murray","democrat",FALSE,"total",1913979,3243317,FALSE,20171011
2016,"Wisconsin","WI",55,35,25,"US Senate","statewide","gen",FALSE,"Russ Feingold","democrat",FALSE,"total",1380335,2948741,FALSE,20171011
2016,"Wisconsin","WI",55,35,25,"US Senate","statewide","gen",FALSE,"Philip N. Anderson","libertarian",FALSE,"total",87531,2948741,FALSE,20171011
2016,"Wisconsin","WI",55,35,25,"US Senate","statewide","gen",FALSE,NA,NA,TRUE,"total",8,2948741,FALSE,20171011
2016,"Wisconsin","WI",55,35,25,"US Senate","statewide","gen",FALSE,"Ron Johnson","republican",FALSE,"total",1479471,2948741,FALSE,20171011
2016,"Wisconsin","WI",55,35,25,"US Senate","statewide","gen",FALSE,"scatter","",FALSE,"total",1396,2948741,FALSE,20171011
2018,"Arizona","AZ",4,86,61,"US Senate","statewide","gen",FALSE,"Martha McSally","republican",FALSE,"total",1135200,2384308,FALSE,20190110
2018,"Arizona","AZ",4,86,61,"US Senate","statewide","gen",FALSE,"Kyrsten Sinema","democrat",FALSE,"total",1191100,2384308,FALSE,20190110
2018,"Arizona","AZ",4,86,61,"US Senate","statewide","gen",FALSE,"Angela Green","green",FALSE,"total",57442,2384308,FALSE,20190110
2018,"Arizona","AZ",4,86,61,"US Senate","statewide","gen",FALSE,NA,NA,TRUE,"total",566,2384308,FALSE,20190110
2018,"California","CA",6,93,71,"US Senate","statewide","gen",FALSE,"Dianne Feinstein","democrat",FALSE,"total",6019422,11113364,FALSE,20190110
2018,"California","CA",6,93,71,"US Senate","statewide","gen",FALSE,"Kevin De Leon","democrat",FALSE,"total",5093942,11113364,FALSE,20190110
2018,"Connecticut","CT",9,16,1,"US Senate","statewide","gen",FALSE,"Christopher S Murphy","democrat",FALSE,"total",787685,1386840,FALSE,20190110
2018,"Connecticut","CT",9,16,1,"US Senate","statewide","gen",FALSE,"Matthew Corey","republican",FALSE,"total",545717,1386840,FALSE,20190110
2018,"Connecticut","CT",9,16,1,"US Senate","statewide","gen",FALSE,"Christopher S Murphy","working families",FALSE,"total",37894,1386840,FALSE,20190110
2018,"Connecticut","CT",9,16,1,"US Senate","statewide","gen",FALSE,"Richard Lion","libertarian",FALSE,"total",8838,1386840,FALSE,20190110
2018,"Connecticut","CT",9,16,1,"US Senate","statewide","gen",FALSE,"Jeff Russell","green",FALSE,"total",6618,1386840,FALSE,20190110
2018,"Connecticut","CT",9,16,1,"US Senate","statewide","gen",FALSE,NA,NA,TRUE,"total",88,1386840,FALSE,20190110
2018,"Delaware","DE",10,51,11,"US Senate","statewide","gen",FALSE,"Thomas R Carper","democrat",FALSE,"total",217385,362592,FALSE,20190110
2018,"Delaware","DE",10,51,11,"US Senate","statewide","gen",FALSE,"Robert B Arlett","republican",FALSE,"total",137127,362592,FALSE,20190110
2018,"Delaware","DE",10,51,11,"US Senate","statewide","gen",FALSE,"Demitri G Theodoropoulos","green",FALSE,"total",4170,362592,FALSE,20190110
2018,"Delaware","DE",10,51,11,"US Senate","statewide","gen",FALSE,"Nadine M Frost","libertarian",FALSE,"total",3910,362592,FALSE,20190110
2018,"Florida","FL",12,59,43,"US Senate","statewide","gen",FALSE,"Rick Scott","republican",FALSE,"total",4099505,8190005,FALSE,20190110
2018,"Florida","FL",12,59,43,"US Senate","statewide","gen",FALSE,"Bill Nelson","democrat",FALSE,"total",4089472,8190005,FALSE,20190110
2018,"Florida","FL",12,59,43,"US Senate","statewide","gen",FALSE,NA,NA,TRUE,"total",1028,8190005,FALSE,20190110
2018,"Hawaii","HI",15,95,82,"US Senate","statewide","gen",FALSE,"Mazie K. Hirono","democrat",FALSE,"total",276316,388351,FALSE,20190110
2018,"Hawaii","HI",15,95,82,"US Senate","statewide","gen",FALSE,"Ron Curtis","republican",FALSE,"total",112035,388351,FALSE,20190110
2018,"Indiana","IN",18,32,22,"US Senate","statewide","gen",FALSE,"Mike Braun","republican",FALSE,"total",1158000,2282565,FALSE,20190110
2018,"Indiana","IN",18,32,22,"US Senate","statewide","gen",FALSE,"Joe Donnelly","democrat",FALSE,"total",1023553,2282565,FALSE,20190110
2018,"Indiana","IN",18,32,22,"US Senate","statewide","gen",FALSE,"Lucy M. Brenton","libertarian",FALSE,"total",100942,2282565,FALSE,20190110
2018,"Indiana","IN",18,32,22,"US Senate","statewide","gen",FALSE,NA,NA,TRUE,"total",70,2282565,FALSE,20190110
2018,"Maine","ME",23,11,2,"US Senate","statewide","gen",FALSE,"Eric L. Brakey","republican",FALSE,"total",223502,634409,FALSE,20190110
2018,"Maine","ME",23,11,2,"US Senate","statewide","gen",FALSE,"Angus S. King, Jr.","independent",FALSE,"total",344575,634409,FALSE,20190110
2018,"Maine","ME",23,11,2,"US Senate","statewide","gen",FALSE,"Zak Ringelstein","democrat",FALSE,"total",66268,634409,FALSE,20190110
2018,"Maine","ME",23,11,2,"US Senate","statewide","gen",FALSE,"Others",NA,FALSE,"total",64,634409,FALSE,20190110
2018,"Maryland","MD",24,52,52,"US Senate","statewide","gen",FALSE,"Tony Campbell","republican",FALSE,"total",697017,2299889,FALSE,20190110
2018,"Maryland","MD",24,52,52,"US Senate","statewide","gen",FALSE,"Ben Cardin","democrat",FALSE,"total",1491614,2299889,FALSE,20190110
2018,"Maryland","MD",24,52,52,"US Senate","statewide","gen",FALSE,"Arvin Vohra","libertarian",FALSE,"total",22943,2299889,FALSE,20190110
2018,"Maryland","MD",24,52,52,"US Senate","statewide","gen",FALSE,"Neal Simon","unaffiliated",FALSE,"total",85964,2299889,FALSE,20190110
2018,"Maryland","MD",24,52,52,"US Senate","statewide","gen",FALSE,NA,NA,TRUE,"total",2351,2299889,FALSE,20190110
2018,"Massachusetts","MA",25,14,3,"US Senate","statewide","gen",FALSE,"Elizabeth A. Warren","democrat",FALSE,"total",1633371,2707090,FALSE,20190110
2018,"Massachusetts","MA",25,14,3,"US Senate","statewide","gen",FALSE,"Geoff Diehl","republican",FALSE,"total",979210,2707090,FALSE,20190110
2018,"Massachusetts","MA",25,14,3,"US Senate","statewide","gen",FALSE,"Shiva Ayyadurai","unenrolled",FALSE,"total",91710,2707090,FALSE,20190110
2018,"Massachusetts","MA",25,14,3,"US Senate","statewide","gen",FALSE,"Others",NA,FALSE,"total",2799,2707090,FALSE,20190110
2018,"Michigan","MI",26,34,23,"US Senate","statewide","gen",FALSE,"John James","republican",FALSE,"total",1938818,4237271,FALSE,20190110
2018,"Michigan","MI",26,34,23,"US Senate","statewide","gen",FALSE,"Debbie Stabenow","democrat",FALSE,"total",2214478,4237271,FALSE,20190110
2018,"Michigan","MI",26,34,23,"US Senate","statewide","gen",FALSE,"George E. Huffman III","us taxpayers",FALSE,"total",27251,4237271,FALSE,20190110
2018,"Michigan","MI",26,34,23,"US Senate","statewide","gen",FALSE,"Marcia Squier","green",FALSE,"total",40204,4237271,FALSE,20190110
2018,"Michigan","MI",26,34,23,"US Senate","statewide","gen",FALSE,"John Howard Wilhelm","natural law",FALSE,"total",16502,4237271,FALSE,20190110
2018,"Michigan","MI",26,34,23,"US Senate","statewide","gen",FALSE,NA,NA,TRUE,"total",18,4237271,FALSE,20190110
2018,"Minnesota","MN",27,41,33,"US Senate","statewide","gen",FALSE,"Jim Newberger","republican",FALSE,"total",940437,5184235,FALSE,20190110
2018,"Minnesota","MN",27,41,33,"US Senate","statewide","gen",FALSE,"Amy Klobuchar","democratic-farmer-labor",FALSE,"total",1566174,5184235,FALSE,20190110
2018,"Minnesota","MN",27,41,33,"US Senate","statewide","gen",FALSE,"Dennis Schuller","legal marijuana now",FALSE,"total",66236,5184235,FALSE,20190110
2018,"Minnesota","MN",27,41,33,"US Senate","statewide","gen",FALSE,"Paula M Overby","minnesota green",FALSE,"total",23101,5184235,FALSE,20190110
2018,"Minnesota","MN",27,41,33,"US Senate","statewide","gen",FALSE,NA,NA,TRUE,"total",931,5184235,FALSE,20190110
2018,"Minnesota","MN",27,41,33,"US Senate","statewide","gen",TRUE,"Karin Housley","republican",FALSE,"total",1095777,5184235,FALSE,20190110
2018,"Minnesota","MN",27,41,33,"US Senate","statewide","gen",TRUE,"Tina Smith","democratic-farmer-labor",FALSE,"total",1370540,5184235,FALSE,20190110
2018,"Minnesota","MN",27,41,33,"US Senate","statewide","gen",TRUE,"Sarah Wellington","legal marijuana now",FALSE,"total",95614,5184235,FALSE,20190110
2018,"Minnesota","MN",27,41,33,"US Senate","statewide","gen",TRUE,"Jerry Trooien","unaffiliated",FALSE,"total",24324,5184235,FALSE,20190110
2018,"Minnesota","MN",27,41,33,"US Senate","statewide","gen",TRUE,NA,NA,TRUE,"total",1101,5184235,FALSE,20190110
2018,"Mississippi","MS",28,64,46,"US Senate","statewide","gen",FALSE,"David Baria","democrat",FALSE,"total",369567,1843803,FALSE,20190110
2018,"Mississippi","MS",28,64,46,"US Senate","statewide","gen",FALSE,"Roger F. Wicker","republican",FALSE,"total",547619,1843803,FALSE,20190110
2018,"Mississippi","MS",28,64,46,"US Senate","statewide","gen",FALSE,"Danny Bedwell","libertarian",FALSE,"total",12981,1843803,FALSE,20190110
2018,"Mississippi","MS",28,64,46,"US Senate","statewide","gen",FALSE,"Shawn O'Hara","reform",FALSE,"total",6048,1843803,FALSE,20190110
2018,"Mississippi","MS",28,64,46,"US Senate","statewide","gen",TRUE,"Cindy Hyde-Smith","republican",FALSE,"total",486769,1843803,FALSE,20190110
2018,"Mississippi","MS",28,64,46,"US Senate","statewide","gen",TRUE,"Mike Espy","democrat",FALSE,"total",420819,1843803,FALSE,20190110
2018,"Missouri","MO",29,43,34,"US Senate","statewide","gen",FALSE,"Josh Hawley","republican",FALSE,"total",1254927,2442289,FALSE,20190110
2018,"Missouri","MO",29,43,34,"US Senate","statewide","gen",FALSE,"Claire McCaskill","democrat",FALSE,"total",1112935,2442289,FALSE,20190110
2018,"Missouri","MO",29,43,34,"US Senate","statewide","gen",FALSE,"Japheth Campbell","libertarian",FALSE,"total",27316,2442289,FALSE,20190110
2018,"Missouri","MO",29,43,34,"US Senate","statewide","gen",FALSE,"Jo Crain","green",FALSE,"total",12706,2442289,FALSE,20190110
2018,"Missouri","MO",29,43,34,"US Senate","statewide","gen",FALSE,"Craig O'Dear","independent",FALSE,"total",34398,2442289,FALSE,20190110
2018,"Missouri","MO",29,43,34,"US Senate","statewide","gen",FALSE,NA,NA,TRUE,"total",7,2442289,FALSE,20190110
2018,"Montana","MT",30,81,64,"US Senate","statewide","gen",FALSE,"Jon Tester","democrat",FALSE,"total",253876,504384,FALSE,20190110
2018,"Montana","MT",30,81,64,"US Senate","statewide","gen",FALSE,"Rick Breckenridge","libertarian",FALSE,"total",14545,504384,FALSE,20190110
2018,"Montana","MT",30,81,64,"US Senate","statewide","gen",FALSE,"Matt Rosendale","republican",FALSE,"total",235963,504384,FALSE,20190110
2018,"Nebraska","NE",31,46,35,"US Senate","statewide","gen",FALSE,"Deb Fischer","republican",FALSE,"total",403151,698883,FALSE,20190110
2018,"Nebraska","NE",31,46,35,"US Senate","statewide","gen",FALSE,"Jane Raybould","democrat",FALSE,"total",269917,698883,FALSE,20190110
2018,"Nebraska","NE",31,46,35,"US Senate","statewide","gen",FALSE,"Jim Schultz","libertarian",FALSE,"total",25349,698883,FALSE,20190110
2018,"Nebraska","NE",31,46,35,"US Senate","statewide","gen",FALSE,NA,NA,TRUE,"total",466,698883,FALSE,20190110
2018,"Nevada","NV",32,88,65,"US Senate","statewide","gen",FALSE,"Jacky Rosen","democrat",FALSE,"total",490071,972132,FALSE,20190110
2018,"Nevada","NV",32,88,65,"US Senate","statewide","gen",FALSE,"Dean Heller","republican",FALSE,"total",441202,972132,FALSE,20190110
2018,"Nevada","NV",32,88,65,"US Senate","statewide","gen",FALSE,"None of these Candidates",NA,FALSE,"total",15303,972132,FALSE,20190110
2018,"Nevada","NV",32,88,65,"US Senate","statewide","gen",FALSE,"Barry Michaels","independent",FALSE,"total",9269,972132,FALSE,20190110
2018,"Nevada","NV",32,88,65,"US Senate","statewide","gen",FALSE,"Tim Hagan","libertarian",FALSE,"total",9196,972132,FALSE,20190110
2018,"Nevada","NV",32,88,65,"US Senate","statewide","gen",FALSE,"Kamau A. Bakari","independent american",FALSE,"total",7091,972132,FALSE,20190110
2018,"New Jersey","NJ",34,22,12,"US Senate","statewide","gen",FALSE,"Robert Menendez","democrat",FALSE,"total",1711654,3169310,FALSE,20190110
2018,"New Jersey","NJ",34,22,12,"US Senate","statewide","gen",FALSE,"Bob Hugin","republican",FALSE,"total",1357355,3169310,FALSE,20190110
2018,"New Jersey","NJ",34,22,12,"US Senate","statewide","gen",FALSE,"Madelyn R. Hoffman","green",FALSE,"total",25150,3169310,FALSE,20190110
2018,"New Jersey","NJ",34,22,12,"US Senate","statewide","gen",FALSE,"Murray Sabrin","libertarian",FALSE,"total",21212,3169310,FALSE,20190110
2018,"New Jersey","NJ",34,22,12,"US Senate","statewide","gen",FALSE,"Natalie Lynn Rivera","for the people",FALSE,"total",19897,3169310,FALSE,20190110
2018,"New Jersey","NJ",34,22,12,"US Senate","statewide","gen",FALSE,"Tricia Flanagan","new day nj",FALSE,"total",16101,3169310,FALSE,20190110
2018,"New Jersey","NJ",34,22,12,"US Senate","statewide","gen",FALSE,"Kevin Kimple","make it simple",FALSE,"total",9087,3169310,FALSE,20190110
2018,"New Jersey","NJ",34,22,12,"US Senate","statewide","gen",FALSE,"Hank Schroeder","economic growth",FALSE,"total",8854,3169310,FALSE,20190110
2018,"New Mexico","NM",35,85,66,"US Senate","statewide","gen",FALSE,"Martin T Heinrich","democrat",FALSE,"total",376998,697012,FALSE,20190110
2018,"New Mexico","NM",35,85,66,"US Senate","statewide","gen",FALSE,"Gary E Johnson","libertarian",FALSE,"total",107201,697012,FALSE,20190110
2018,"New Mexico","NM",35,85,66,"US Senate","statewide","gen",FALSE,"Mick Rich","republican",FALSE,"total",212813,697012,FALSE,20190110
2018,"New York","NY",36,21,13,"US Senate","statewide","gen",FALSE,"Kirsten E. Gillibrand","democrat",FALSE,"total",3755489,6055151,FALSE,20190110
2018,"New York","NY",36,21,13,"US Senate","statewide","gen",FALSE,"Chele Chiavacci Farley","republican",FALSE,"total",1730439,6055151,FALSE,20190110
2018,"New York","NY",36,21,13,"US Senate","statewide","gen",FALSE,"Chele Chiavacci Farley","conservative",FALSE,"total",246171,6055151,FALSE,20190110
2018,"New York","NY",36,21,13,"US Senate","statewide","gen",FALSE,"Kirsten E. Gillibrand","working families",FALSE,"total",160128,6055151,FALSE,20190110
2018,"New York","NY",36,21,13,"US Senate","statewide","gen",FALSE,"Kirsten E. Gillibrand","independence",FALSE,"total",99325,6055151,FALSE,20190110
2018,"New York","NY",36,21,13,"US Senate","statewide","gen",FALSE,"Kirsten E. Gillibrand","women's equality",FALSE,"total",41989,6055151,FALSE,20190110
2018,"New York","NY",36,21,13,"US Senate","statewide","gen",FALSE,"Chele Chiavacci Farley","reform",FALSE,"total",21610,6055151,FALSE,20190110
2018,"North Dakota","ND",38,44,36,"US Senate","statewide","gen",FALSE,"Kevin Cramer","republican",FALSE,"total",179720,326138,FALSE,20190110
2018,"North Dakota","ND",38,44,36,"US Senate","statewide","gen",FALSE,"Heidi Heitkamp","democratic-npl",FALSE,"total",144376,326138,FALSE,20190110
2018,"North Dakota","ND",38,44,36,"US Senate","statewide","gen",FALSE,NA,NA,TRUE,"total",2042,326138,FALSE,20190110
2018,"Ohio","OH",39,31,24,"US Senate","statewide","gen",FALSE,"Sherrod Brown","democrat",FALSE,"total",2355923,4410898,FALSE,20190110
2018,"Ohio","OH",39,31,24,"US Senate","statewide","gen",FALSE,NA,NA,TRUE,"total",1012,4410898,FALSE,20190110
2018,"Ohio","OH",39,31,24,"US Senate","statewide","gen",FALSE,"Jim Renacci","republican",FALSE,"total",2053963,4410898,FALSE,20190110
2018,"Pennsylvania","PA",42,23,14,"US Senate","statewide","gen",FALSE,"Robert P Casey Jr","democrat",FALSE,"total",2777680,4994643,FALSE,20190110
2018,"Pennsylvania","PA",42,23,14,"US Senate","statewide","gen",FALSE,"Louis J. Barletta","republican",FALSE,"total",2134848,4994643,FALSE,20190110
2018,"Pennsylvania","PA",42,23,14,"US Senate","statewide","gen",FALSE,"Neal Taylor Gale","green",FALSE,"total",31208,4994643,FALSE,20190110
2018,"Pennsylvania","PA",42,23,14,"US Senate","statewide","gen",FALSE,"Dale R Kerns Jr","libertarian",FALSE,"total",50907,4994643,FALSE,20190110
2018,"Rhode Island","RI",44,15,5,"US Senate","statewide","gen",FALSE,"Sheldon Whitehouse","democrat",FALSE,"total",231477,376738,FALSE,20190110
2018,"Rhode Island","RI",44,15,5,"US Senate","statewide","gen",FALSE,"Robert G. Flanders, Jr.","republican",FALSE,"total",144421,376738,FALSE,20190110
2018,"Rhode Island","RI",44,15,5,"US Senate","statewide","gen",FALSE,NA,NA,TRUE,"total",840,376738,FALSE,20190110
2018,"Tennessee","TN",47,62,54,"US Senate","statewide","gen",FALSE,"Marsha Blackburn","republican",FALSE,"total",1227483,2243740,FALSE,20190110
2018,"Tennessee","TN",47,62,54,"US Senate","statewide","gen",FALSE,"Phil Bredesen","democrat",FALSE,"total",985450,2243740,FALSE,20190110
2018,"Tennessee","TN",47,62,54,"US Senate","statewide","gen",FALSE,"Trudy A. Austin","independent",FALSE,"total",9455,2243740,FALSE,20190110
2018,"Tennessee","TN",47,62,54,"US Senate","statewide","gen",FALSE,"John Carico","independent",FALSE,"total",3398,2243740,FALSE,20190110
2018,"Tennessee","TN",47,62,54,"US Senate","statewide","gen",FALSE,"Dean Hill","independent",FALSE,"total",8717,2243740,FALSE,20190110
2018,"Tennessee","TN",47,62,54,"US Senate","statewide","gen",FALSE,"Kevin Lee McCants","independent",FALSE,"total",1927,2243740,FALSE,20190110
2018,"Tennessee","TN",47,62,54,"US Senate","statewide","gen",FALSE,"Breton Phillips","independent",FALSE,"total",2226,2243740,FALSE,20190110
2018,"Tennessee","TN",47,62,54,"US Senate","statewide","gen",FALSE,"Kris L. Todd","independent",FALSE,"total",5084,2243740,FALSE,20190110
2018,"Texas","TX",48,74,49,"US Senate","statewide","gen",FALSE,"Ted Cruz","republican",FALSE,"total",4260553,8371655,FALSE,20190110
2018,"Texas","TX",48,74,49,"US Senate","statewide","gen",FALSE,"Beto O'Rourke","democrat",FALSE,"total",4045632,8371655,FALSE,20190110
2018,"Texas","TX",48,74,49,"US Senate","statewide","gen",FALSE,"Neal M. Dikeman","libertarian",FALSE,"total",65470,8371655,FALSE,20190110
2018,"Utah","UT",49,87,67,"US Senate","statewide","gen",FALSE,"Mitt Romney","republican",FALSE,"total",665215,1062845,FALSE,20190110
2018,"Utah","UT",49,87,67,"US Senate","statewide","gen",FALSE,"Jenny Wilson","democrat",FALSE,"total",328541,1062845,FALSE,20190110
2018,"Utah","UT",49,87,67,"US Senate","statewide","gen",FALSE,"Tim Aalders","constitution",FALSE,"total",28774,1062845,FALSE,20190110
2018,"Utah","UT",49,87,67,"US Senate","statewide","gen",FALSE,"Craig R. Bowden","libertarian",FALSE,"total",27607,1062845,FALSE,20190110
2018,"Utah","UT",49,87,67,"US Senate","statewide","gen",FALSE,"Reed C. McCandless","independent american",FALSE,"total",12708,1062845,FALSE,20190110
2018,"Vermont","VT",50,13,6,"US Senate","statewide","gen",FALSE,"Folasade Adeluola","independent",FALSE,"total",1979,272624,FALSE,20190110
2018,"Vermont","VT",50,13,6,"US Senate","statewide","gen",FALSE,"Russell Beste","independent",FALSE,"total",2763,272624,FALSE,20190110
2018,"Vermont","VT",50,13,6,"US Senate","statewide","gen",FALSE,"Bruce Busa","independent",FALSE,"total",914,272624,FALSE,20190110
2018,"Vermont","VT",50,13,6,"US Senate","statewide","gen",FALSE,"Edward S. Gilbert Jr","independent",FALSE,"total",2244,272624,FALSE,20190110
2018,"Vermont","VT",50,13,6,"US Senate","statewide","gen",FALSE,"Reid Kane","liberty union",FALSE,"total",1171,272624,FALSE,20190110
2018,"Vermont","VT",50,13,6,"US Senate","statewide","gen",FALSE,"Brad J. Peacock","independent",FALSE,"total",3787,272624,FALSE,20190110
2018,"Vermont","VT",50,13,6,"US Senate","statewide","gen",FALSE,"Bernie Sanders","independent",FALSE,"total",183529,272624,FALSE,20190110
2018,"Vermont","VT",50,13,6,"US Senate","statewide","gen",FALSE,"Jon Svitavsky","independent",FALSE,"total",1280,272624,FALSE,20190110
2018,"Vermont","VT",50,13,6,"US Senate","statewide","gen",FALSE,"Lawrence Zupan","republican",FALSE,"total",74663,272624,FALSE,20190110
2018,"Vermont","VT",50,13,6,"US Senate","statewide","gen",FALSE,NA,NA,TRUE,"total",294,272624,FALSE,20190110
2018,"Virginia","VA",51,54,40,"US Senate","statewide","gen",FALSE,"Corey A. Stewart","republican",FALSE,"total",1374313,3351373,FALSE,20190110
2018,"Virginia","VA",51,54,40,"US Senate","statewide","gen",FALSE,"Timothy M. Kaine","democrat",FALSE,"total",1910370,3351373,FALSE,20190110
2018,"Virginia","VA",51,54,40,"US Senate","statewide","gen",FALSE,"Matt J. Waters","libertarian",FALSE,"total",61565,3351373,FALSE,20190110
2018,"Virginia","VA",51,54,40,"US Senate","statewide","gen",FALSE,NA,NA,TRUE,"total",5125,3351373,FALSE,20190110
2018,"Washington","WA",53,91,73,"US Senate","statewide","gen",FALSE,"Maria Cantwell","democrat",FALSE,"total",1803364,3086168,FALSE,20190110
2018,"Washington","WA",53,91,73,"US Senate","statewide","gen",FALSE,"Susan Hutchison","republican",FALSE,"total",1282804,3086168,FALSE,20190110
2018,"West Virginia","WV",54,55,56,"US Senate","statewide","gen",FALSE,"Joe Manchin","democrat",FALSE,"total",288808,582911,TRUE,20190110
2018,"West Virginia","WV",54,55,56,"US Senate","statewide","gen",FALSE,"Patrick Morrisey","republican",FALSE,"total",269872,582911,TRUE,20190110
2018,"West Virginia","WV",54,55,56,"US Senate","statewide","gen",FALSE,"Rusty Hollen","libertarian",FALSE,"total",24231,582911,TRUE,20190110
2018,"Wisconsin","WI",55,35,25,"US Senate","statewide","gen",FALSE,"Tammy Baldwin","democrat",FALSE,"total",1472914,2657841,FALSE,20190110
2018,"Wisconsin","WI",55,35,25,"US Senate","statewide","gen",FALSE,"Leah Vukmir","republican",FALSE,"total",1184885,2657841,FALSE,20190110
2018,"Wisconsin","WI",55,35,25,"US Senate","statewide","gen",FALSE,NA,NA,TRUE,"total",42,2657841,FALSE,20190110
2018,"Wyoming","WY",56,83,68,"US Senate","statewide","gen",FALSE,"John Barrasso","republican",FALSE,"total",136210,203420,FALSE,20190110
2018,"Wyoming","WY",56,83,68,"US Senate","statewide","gen",FALSE,"Gary Trauner","democrat",FALSE,"total",61227,203420,FALSE,20190110
2018,"Wyoming","WY",56,83,68,"US Senate","statewide","gen",FALSE,"Joseph Porambo","libertarian",FALSE,"total",5658,203420,FALSE,20190110
2018,"Wyoming","WY",56,83,68,"US Senate","statewide","gen",FALSE,NA,NA,TRUE,"total",325,203420,FALSE,20190110